Row Labels,Count of Customer ID
Female,1248
Backpack,37
Alaska,2
California,2
Colorado,2
Delaware,1
Florida,1
Indiana,1
Iowa,2
Kansas,1
Kentucky,1
Louisiana,1
Massachusetts,1
Michigan,1
Mississippi,1
Montana,2
Nebraska,3
Nevada,5
New Jersey,1
North Carolina,2
Oklahoma,1
Pennsylvania,1
South Carolina,1
South Dakota,1
Texas,1
Vermont,1
Virginia,1
Belt,55
Alabama,1
Alaska,1
Arizona,1
Connecticut,1
Delaware,2
Hawaii,1
Idaho,4
Illinois,3
Indiana,1
Iowa,1
Kansas,2
Kentucky,2
Louisiana,2
Maine,1
Michigan,1
Mississippi,2
Missouri,3
Montana,1
Nebraska,1
Nevada,3
New Hampshire,2
New Jersey,2
New Mexico,3
New York,1
North Carolina,2
Ohio,1
Pennsylvania,1
Rhode Island,2
South Carolina,1
South Dakota,1
Vermont,1
Washington,1
West Virginia,1
Wisconsin,1
Wyoming,1
Blouse,66
Alabama,3
Alaska,3
Arizona,1
Arkansas,1
Connecticut,2
Delaware,3
Georgia,3
Hawaii,1
Idaho,4
Illinois,2
Indiana,1
Kansas,3
Kentucky,2
Louisiana,1
Maine,1
Maryland,1
Michigan,2
Mississippi,2
Montana,1
Nevada,3
New Hampshire,2
New Jersey,1
New York,2
North Dakota,1
Ohio,1
Oklahoma,1
Oregon,2
Pennsylvania,1
South Carolina,1
South Dakota,2
Texas,3
Utah,1
Vermont,1
Virginia,1
Washington,2
West Virginia,1
Wisconsin,2
Wyoming,1
Boots,50
Arkansas,1
California,2
Connecticut,3
Hawaii,1
Illinois,1
Indiana,1
Kansas,3
Kentucky,1
Louisiana,1
Maine,3
Maryland,1
Massachusetts,3
Michigan,2
Mississippi,1
Missouri,1
Nebraska,2
New Hampshire,1
New Jersey,1
North Carolina,2
Ohio,1
Oklahoma,2
Oregon,1
Rhode Island,2
South Carolina,2
Tennessee,2
Texas,1
Utah,3
Vermont,1
Virginia,1
West Virginia,2
Wisconsin,1
Coat,47
Alabama,2
Arizona,2
California,1
Connecticut,1
Delaware,1
Hawaii,2
Idaho,4
Illinois,1
Indiana,1
Kansas,1
Kentucky,3
Louisiana,1
Maine,1
Maryland,2
Massachusetts,1
Minnesota,2
Mississippi,1
Montana,2
Nebraska,1
Nevada,1
New Hampshire,1
New Jersey,1
New York,1
North Dakota,1
Ohio,1
Oregon,1
Rhode Island,1
South Dakota,2
Texas,1
Utah,1
Virginia,1
Washington,1
West Virginia,2
Wyoming,1
Dress,52
Alabama,2
Alaska,1
Arizona,3
Arkansas,2
California,3
Colorado,2
Delaware,1
Georgia,2
Idaho,1
Illinois,1
Iowa,1
Kansas,1
Louisiana,2
Maine,1
Maryland,2
Massachusetts,1
Michigan,1
Minnesota,1
Montana,2
Nevada,2
North Dakota,1
Ohio,2
Oklahoma,1
Oregon,1
Rhode Island,1
South Carolina,1
South Dakota,2
Tennessee,3
Texas,1
Utah,4
Washington,1
Wisconsin,2
Gloves,37
Alaska,2
Arizona,1
Arkansas,2
Colorado,2
Connecticut,1
Delaware,2
Hawaii,1
Idaho,3
Illinois,2
Iowa,1
Louisiana,1
Maine,1
Montana,3
Nebraska,1
Nevada,1
New Jersey,2
New York,1
North Carolina,1
North Dakota,1
Pennsylvania,1
Rhode Island,1
South Carolina,1
South Dakota,1
Tennessee,1
Texas,1
Virginia,1
Wisconsin,1
Handbag,58
Alaska,1
Arizona,2
Arkansas,1
California,1
Colorado,3
Connecticut,2
Florida,2
Georgia,1
Hawaii,1
Illinois,1
Iowa,1
Kentucky,3
Louisiana,1
Maine,1
Maryland,2
Massachusetts,2
Minnesota,1
Mississippi,2
Missouri,1
Montana,2
Nebraska,1
New Hampshire,1
New York,1
North Carolina,1
North Dakota,3
Ohio,1
Pennsylvania,1
Rhode Island,1
South Carolina,1
Tennessee,2
Texas,4
Utah,3
Washington,1
West Virginia,4
Wisconsin,2
Hat,52
Alaska,1
Colorado,1
Delaware,1
Florida,4
Georgia,2
Hawaii,1
Illinois,1
Kansas,3
Kentucky,1
Louisiana,1
Maine,2
Massachusetts,1
Michigan,1
Minnesota,4
Mississippi,1
New Hampshire,1
New Jersey,1
New Mexico,2
New York,1
North Carolina,1
North Dakota,1
Ohio,1
Oklahoma,3
Pennsylvania,2
South Carolina,2
Tennessee,1
Texas,4
Utah,2
Vermont,1
Virginia,1
Washington,1
West Virginia,1
Wyoming,1
Hoodie,51
Alaska,1
Arizona,2
Arkansas,1
California,1
Colorado,3
Connecticut,1
Delaware,1
Florida,2
Idaho,3
Illinois,1
Louisiana,4
Maryland,1
Minnesota,1
Mississippi,1
Montana,3
Nebraska,1
Nevada,2
New Hampshire,1
New Jersey,1
New Mexico,2
North Dakota,1
Ohio,2
Pennsylvania,1
Rhode Island,1
South Carolina,3
Tennessee,1
Texas,2
Vermont,1
Virginia,3
West Virginia,1
Wisconsin,2
Jacket,54
Alabama,1
Arizona,2
Arkansas,1
Colorado,2
Connecticut,1
Delaware,1
Hawaii,1
Illinois,2
Iowa,2
Kansas,1
Kentucky,1
Maine,1
Maryland,2
Minnesota,1
Missouri,1
Montana,3
Nevada,1
New Hampshire,1
New Jersey,1
New Mexico,2
New York,3
North Carolina,1
North Dakota,5
Ohio,1
Oklahoma,4
South Carolina,1
South Dakota,2
Texas,2
Utah,1
Vermont,2
Virginia,1
Washington,1
Wisconsin,1
Wyoming,1
Jeans,29
Alabama,1
Alaska,1
Arizona,1
Arkansas,2
California,2
Connecticut,1
Delaware,1
Idaho,2
Iowa,1
Louisiana,2
Maryland,1
Michigan,1
Minnesota,1
Mississippi,1
Montana,2
New Hampshire,1
New York,1
North Dakota,1
Ohio,1
Oklahoma,1
Tennessee,1
Utah,1
Virginia,1
West Virginia,1
Jewelry,52
Alabama,4
Arizona,1
Arkansas,2
California,1
Colorado,1
Connecticut,3
Georgia,2
Hawaii,1
Idaho,1
Illinois,1
Indiana,2
Iowa,2
Kansas,1
Kentucky,2
Maine,1
Maryland,1
Michigan,1
Mississippi,3
Missouri,1
Montana,1
Nebraska,1
Nevada,1
New Hampshire,1
New York,2
North Carolina,1
North Dakota,1
Oklahoma,1
Rhode Island,2
South Carolina,1
South Dakota,1
Tennessee,1
Utah,1
Virginia,1
Washington,2
West Virginia,2
Wisconsin,1
Pants,48
Alabama,1
Arizona,1
Arkansas,1
California,1
Connecticut,2
Delaware,1
Georgia,2
Hawaii,1
Idaho,1
Illinois,1
Kansas,1
Kentucky,1
Maine,3
Michigan,1
Montana,2
Nebraska,2
New Hampshire,1
New Jersey,2
New Mexico,2
North Carolina,1
North Dakota,1
Ohio,1
Oklahoma,2
Oregon,1
Pennsylvania,2
Rhode Island,2
South Carolina,1
Tennessee,2
Vermont,3
Virginia,1
Washington,2
West Virginia,1
Wyoming,1
Sandals,59
Alabama,3
Alaska,3
Arkansas,3
California,1
Colorado,1
Connecticut,2
Delaware,1
Georgia,2
Illinois,1
Indiana,2
Iowa,1
Kansas,3
Kentucky,2
Louisiana,4
Maryland,2
Massachusetts,1
Michigan,3
Minnesota,3
Mississippi,1
Montana,1
Nebraska,1
New Hampshire,1
New Mexico,1
New York,1
North Carolina,2
Ohio,4
Pennsylvania,1
Rhode Island,1
Vermont,1
Virginia,1
Washington,1
West Virginia,2
Wisconsin,1
Wyoming,1
Scarf,45
Alabama,1
Alaska,1
Arizona,1
Arkansas,1
Delaware,2
Florida,1
Georgia,2
Idaho,1
Illinois,2
Indiana,1
Kansas,2
Kentucky,2
Maine,1
Maryland,2
Massachusetts,1
Missouri,1
Montana,1
Nebraska,1
New Hampshire,1
New Jersey,2
New Mexico,1
North Carolina,1
Oregon,1
Pennsylvania,2
South Dakota,4
Tennessee,3
Texas,1
Washington,1
Wisconsin,2
Wyoming,2
Shirt,59
Alabama,1
Alaska,1
Arizona,1
Arkansas,2
California,2
Colorado,4
Florida,1
Georgia,2
Idaho,1
Illinois,5
Kansas,2
Kentucky,3
Louisiana,1
Maryland,1
Massachusetts,2
Michigan,1
Minnesota,2
Missouri,1
Montana,2
Nebraska,3
New Hampshire,1
New Mexico,1
North Carolina,1
North Dakota,1
Oklahoma,2
Oregon,3
Pennsylvania,1
Rhode Island,2
Tennessee,1
Texas,2
Vermont,2
Virginia,2
Wyoming,2
Shoes,48
Alabama,4
Arizona,1
Arkansas,2
Colorado,1
Delaware,2
Florida,1
Georgia,2
Idaho,1
Indiana,2
Iowa,2
Maine,2
Maryland,1
Massachusetts,1
Minnesota,3
Montana,1
Nebraska,2
Nevada,1
New Jersey,2
New Mexico,1
New York,2
North Dakota,1
Oregon,1
Pennsylvania,1
South Carolina,1
Texas,4
Vermont,1
Washington,1
West Virginia,1
Wisconsin,2
Wyoming,1
Shorts,48
Alaska,1
Arkansas,1
California,2
Connecticut,2
Delaware,1
Georgia,2
Hawaii,1
Idaho,3
Indiana,1
Kansas,1
Kentucky,2
Maryland,1
Minnesota,1
Mississippi,2
Montana,2
Nebraska,1
Nevada,1
New Jersey,1
New York,2
North Carolina,1
North Dakota,1
Oklahoma,1
Rhode Island,2
South Dakota,1
Tennessee,1
Utah,5
Vermont,2
Virginia,3
Washington,1
West Virginia,1
Wisconsin,1
Skirt,49
Alaska,3
Arizona,2
California,4
Colorado,1
Connecticut,1
Florida,5
Idaho,1
Louisiana,1
Maryland,2
Michigan,3
Minnesota,3
Nebraska,1
New Jersey,1
New York,1
North Dakota,1
Ohio,2
Oregon,2
Pennsylvania,3
South Carolina,1
Tennessee,3
Texas,1
Virginia,1
Washington,3
West Virginia,1
Wisconsin,1
Wyoming,1
Sneakers,42
Alaska,1
Colorado,1
Florida,1
Georgia,1
Indiana,1
Kansas,2
Louisiana,1
Maryland,3
Michigan,2
Minnesota,1
Mississippi,3
Missouri,3
New Jersey,2
New York,1
North Carolina,3
Ohio,1
Oregon,2
Pennsylvania,1
South Carolina,1
South Dakota,1
Tennessee,1
Texas,1
Utah,1
Vermont,2
Virginia,1
Washington,1
Wisconsin,1
Wyoming,2
Socks,58
Alabama,1
Alaska,1
Arizona,1
Connecticut,2
Delaware,1
Florida,1
Georgia,3
Hawaii,1
Illinois,2
Kansas,2
Maine,3
Maryland,1
Mississippi,1
Missouri,2
Montana,4
Nebraska,1
Nevada,3
New Jersey,2
New Mexico,3
New York,1
North Carolina,1
North Dakota,2
Ohio,3
Oklahoma,1
Oregon,4
Pennsylvania,2
Rhode Island,2
South Dakota,1
Utah,1
Virginia,1
Washington,3
Wisconsin,1
Sunglasses,56
Alabama,1
California,2
Colorado,1
Connecticut,1
Delaware,1
Georgia,2
Idaho,1
Iowa,1
Kentucky,2
Louisiana,2
Maine,2
Maryland,1
Michigan,1
Minnesota,2
Mississippi,1
Missouri,2
Montana,1
Nebraska,3
Nevada,2
New Hampshire,2
New Jersey,1
New Mexico,1
New York,3
Ohio,1
Oklahoma,1
Oregon,1
Pennsylvania,4
Rhode Island,1
Tennessee,1
Texas,4
Utah,1
West Virginia,1
Wisconsin,2
Wyoming,3
Sweater,50
Alabama,1
Arizona,2
Arkansas,1
California,2
Colorado,1
Delaware,2
Hawaii,1
Idaho,2
Illinois,3
Indiana,2
Iowa,2
Kentucky,2
Maine,2
Massachusetts,1
Michigan,1
Montana,1
Nebraska,3
Nevada,3
New Hampshire,1
New York,1
North Carolina,1
North Dakota,1
Ohio,1
Oklahoma,1
Pennsylvania,1
Rhode Island,2
South Carolina,2
South Dakota,1
Tennessee,1
Vermont,2
Virginia,1
Wisconsin,1
Wyoming,1
T-shirt,46
Arkansas,1
California,2
Connecticut,1
Florida,1
Georgia,2
Idaho,1
Indiana,1
Kansas,1
Louisiana,1
Maine,1
Maryland,1
Massachusetts,1
Michigan,2
Minnesota,2
Mississippi,2
Missouri,2
Montana,1
New Hampshire,2
New Mexico,1
North Carolina,1
Ohio,3
Oklahoma,1
Oregon,1
Pennsylvania,1
South Dakota,2
Tennessee,2
Utah,2
Vermont,2
Virginia,1
Washington,2
West Virginia,1
Wyoming,1
Male,2652
Backpack,106
Alabama,1
Alaska,3
Arizona,5
Arkansas,3
California,3
Colorado,3
Connecticut,2
Delaware,2
Georgia,4
Hawaii,1
Idaho,4
Illinois,2
Indiana,1
Kentucky,3
Louisiana,4
Maryland,1
Massachusetts,3
Michigan,3
Minnesota,3
Mississippi,2
Missouri,1
Montana,3
Nebraska,5
Nevada,5
New Hampshire,4
New Jersey,1
New Mexico,3
New York,3
North Dakota,1
Ohio,1
Oregon,1
Rhode Island,2
South Carolina,1
South Dakota,4
Tennessee,1
Texas,2
Vermont,1
Virginia,4
Washington,3
West Virginia,2
Wisconsin,1
Wyoming,4
Belt,106
Alabama,1
Alaska,3
Arizona,1
Arkansas,4
California,3
Colorado,2
Connecticut,2
Delaware,2
Florida,1
Georgia,1
Hawaii,2
Idaho,4
Illinois,2
Indiana,4
Iowa,5
Kentucky,1
Louisiana,3
Maryland,5
Massachusetts,2
Michigan,3
Minnesota,1
Mississippi,2
Montana,3
Nebraska,3
Nevada,4
New Jersey,5
New Mexico,2
New York,2
North Dakota,5
Oklahoma,2
Oregon,5
Pennsylvania,1
Rhode Island,1
South Carolina,2
South Dakota,1
Tennessee,3
Texas,2
Utah,1
Vermont,3
Virginia,1
Washington,2
Wisconsin,3
Wyoming,1
Blouse,105
Alabama,1
Alaska,1
Arizona,2
Arkansas,2
California,2
Colorado,2
Connecticut,3
Delaware,2
Florida,1
Georgia,4
Hawaii,4
Idaho,1
Illinois,2
Indiana,2
Iowa,2
Kansas,3
Kentucky,1
Louisiana,1
Maine,3
Maryland,3
Massachusetts,2
Michigan,1
Minnesota,4
Mississippi,4
Missouri,1
Montana,1
Nebraska,1
New Hampshire,5
New Jersey,2
New Mexico,2
New York,3
North Carolina,2
North Dakota,4
Ohio,2
Oregon,3
Pennsylvania,2
Rhode Island,2
South Carolina,3
South Dakota,1
Tennessee,1
Utah,2
Vermont,1
Virginia,2
Washington,1
West Virginia,3
Wisconsin,5
Wyoming,3
Boots,94
Alabama,3
Alaska,1
California,2
Connecticut,1
Delaware,2
Florida,2
Georgia,1
Hawaii,1
Idaho,3
Illinois,3
Indiana,2
Iowa,3
Kansas,2
Kentucky,1
Maine,2
Maryland,2
Massachusetts,3
Minnesota,1
Mississippi,2
Missouri,2
Montana,4
Nebraska,3
Nevada,4
New Hampshire,3
New Mexico,1
New York,2
North Carolina,1
North Dakota,4
Ohio,4
Oklahoma,2
Oregon,2
Pennsylvania,4
Rhode Island,1
South Carolina,3
South Dakota,3
Tennessee,2
Texas,1
Utah,1
Virginia,3
Washington,3
West Virginia,2
Wisconsin,1
Wyoming,1
Coat,114
Alabama,4
Alaska,2
Arizona,1
Arkansas,4
California,2
Colorado,1
Connecticut,5
Delaware,1
Florida,6
Georgia,1
Hawaii,1
Idaho,4
Indiana,2
Iowa,3
Kansas,2
Kentucky,3
Maine,2
Maryland,1
Massachusetts,3
Michigan,1
Mississippi,3
Missouri,2
Montana,6
Nebraska,2
Nevada,1
New Hampshire,4
New Jersey,1
New Mexico,4
New York,3
North Carolina,1
North Dakota,5
Ohio,1
Oklahoma,2
Oregon,2
Pennsylvania,4
South Carolina,3
South Dakota,2
Tennessee,2
Texas,2
Vermont,3
Washington,2
West Virginia,6
Wyoming,4
Dress,114
Alabama,3
Alaska,3
Arizona,1
Arkansas,3
California,4
Colorado,2
Connecticut,4
Delaware,4
Florida,2
Georgia,6
Hawaii,1
Idaho,1
Illinois,2
Iowa,1
Kansas,1
Kentucky,3
Louisiana,1
Maryland,2
Massachusetts,5
Michigan,3
Minnesota,3
Mississippi,5
Missouri,1
Montana,1
Nebraska,3
Nevada,1
New Hampshire,3
New York,4
North Carolina,2
North Dakota,2
Ohio,1
Oklahoma,1
Oregon,2
Pennsylvania,5
Rhode Island,5
South Carolina,3
South Dakota,2
Tennessee,1
Texas,4
Utah,1
Vermont,2
Virginia,2
Washington,5
West Virginia,1
Wyoming,2
Gloves,103
Alabama,2
Alaska,1
Arkansas,4
California,2
Colorado,2
Connecticut,1
Delaware,3
Florida,6
Georgia,1
Idaho,1
Illinois,2
Indiana,3
Iowa,2
Kansas,1
Kentucky,3
Maine,1
Maryland,4
Massachusetts,2
Minnesota,3
Missouri,2
Montana,1
Nebraska,3
Nevada,1
New Hampshire,3
New Jersey,1
New York,5
North Carolina,5
Ohio,4
Oregon,1
Pennsylvania,2
Rhode Island,2
South Carolina,2
South Dakota,2
Tennessee,4
Texas,2
Utah,2
Vermont,1
Virginia,3
Washington,4
West Virginia,4
Wisconsin,1
Wyoming,4
Handbag,95
Alabama,3
Alaska,1
Arizona,1
Arkansas,1
California,3
Colorado,1
Connecticut,4
Delaware,2
Hawaii,5
Idaho,2
Illinois,4
Indiana,1
Iowa,1
Kentucky,4
Louisiana,2
Maine,2
Maryland,1
Massachusetts,1
Michigan,2
Minnesota,4
Mississippi,5
Missouri,2
Montana,4
Nebraska,3
Nevada,3
New Hampshire,2
New Jersey,1
New Mexico,2
New York,3
North Carolina,3
Ohio,2
Oklahoma,3
Rhode Island,1
Tennessee,1
Texas,1
Utah,2
Vermont,1
Virginia,3
Washington,2
West Virginia,3
Wisconsin,1
Wyoming,2
Hat,102
Alabama,3
Alaska,2
Arizona,1
Arkansas,2
California,3
Colorado,2
Connecticut,1
Delaware,4
Florida,2
Hawaii,3
Idaho,3
Illinois,1
Indiana,4
Iowa,5
Kentucky,3
Louisiana,1
Maine,1
Maryland,1
Massachusetts,1
Minnesota,1
Mississippi,3
Missouri,2
Montana,2
Nebraska,4
Nevada,1
New Hampshire,4
New Jersey,1
New Mexico,2
New York,1
North Carolina,1
North Dakota,2
Ohio,1
Oklahoma,1
Oregon,2
Pennsylvania,3
Rhode Island,1
South Carolina,4
South Dakota,2
Tennessee,4
Texas,2
Utah,2
Vermont,1
Virginia,2
Washington,1
West Virginia,3
Wisconsin,4
Wyoming,2
Hoodie,100
Alabama,3
Alaska,1
Arizona,1
Arkansas,3
California,2
Colorado,3
Connecticut,1
Delaware,2
Florida,2
Georgia,2
Hawaii,4
Idaho,2
Illinois,1
Indiana,1
Kansas,2
Louisiana,4
Maine,1
Maryland,2
Massachusetts,1
Michigan,2
Minnesota,2
Mississippi,1
Missouri,2
Nebraska,1
Nevada,2
New Hampshire,3
New Jersey,3
New Mexico,4
New York,2
North Carolina,4
North Dakota,2
Ohio,1
Oklahoma,6
Oregon,1
Pennsylvania,2
Rhode Island,1
South Carolina,3
South Dakota,1
Tennessee,2
Texas,2
Utah,1
Vermont,2
Virginia,1
Washington,1
West Virginia,4
Wisconsin,2
Wyoming,4
Jacket,109
Alabama,1
Alaska,2
Arizona,2
Arkansas,1
California,3
Colorado,4
Connecticut,3
Florida,3
Hawaii,4
Idaho,2
Illinois,5
Indiana,4
Iowa,4
Kansas,2
Kentucky,3
Louisiana,1
Maine,3
Maryland,3
Massachusetts,2
Michigan,7
Minnesota,1
Mississippi,2
Missouri,2
Nebraska,1
Nevada,2
New Hampshire,1
New Jersey,3
New Mexico,3
New York,2
North Carolina,3
North Dakota,3
Oklahoma,4
Oregon,3
Rhode Island,1
South Carolina,2
South Dakota,2
Tennessee,3
Texas,1
Utah,3
Vermont,2
Virginia,2
Washington,1
West Virginia,1
Wisconsin,2
Jeans,95
Alabama,3
Alaska,1
Arizona,1
Arkansas,1
California,5
Delaware,2
Florida,2
Georgia,1
Hawaii,2
Illinois,4
Indiana,4
Iowa,1
Kentucky,2
Louisiana,1
Maine,3
Maryland,2
Massachusetts,4
Michigan,1
Mississippi,1
Missouri,5
Montana,4
Nebraska,3
Nevada,2
New Hampshire,1
New Mexico,1
New York,3
North Carolina,1
North Dakota,3
Oklahoma,1
Oregon,4
Pennsylvania,1
Rhode Island,2
South Carolina,2
South Dakota,4
Tennessee,1
Texas,2
Utah,1
Vermont,2
Virginia,1
Washington,2
West Virginia,2
Wisconsin,3
Wyoming,3
Jewelry,119
Alabama,4
Alaska,3
Arizona,2
Arkansas,3
California,4
Colorado,1
Connecticut,2
Delaware,3
Florida,2
Georgia,4
Hawaii,1
Idaho,2
Illinois,3
Indiana,2
Iowa,1
Kansas,4
Kentucky,4
Louisiana,7
Maine,1
Maryland,2
Massachusetts,1
Minnesota,3
Mississippi,4
Missouri,4
Montana,1
Nebraska,5
Nevada,4
New Hampshire,3
New Mexico,4
New York,2
North Carolina,2
North Dakota,1
Ohio,5
Oklahoma,1
Oregon,2
Pennsylvania,2
Rhode Island,2
South Carolina,1
South Dakota,4
Tennessee,1
Utah,2
Vermont,6
Virginia,1
Washington,2
Wisconsin,1
Pants,123
Alabama,4
Arizona,1
Arkansas,3
California,4
Colorado,5
Connecticut,2
Delaware,6
Florida,2
Georgia,3
Hawaii,2
Idaho,3
Illinois,3
Indiana,3
Iowa,1
Kansas,2
Kentucky,2
Louisiana,5
Maine,1
Maryland,1
Massachusetts,3
Michigan,3
Minnesota,2
Mississippi,2
Missouri,4
Montana,2
Nebraska,3
Nevada,3
New Jersey,2
New Mexico,2
North Carolina,3
North Dakota,2
Ohio,3
Oklahoma,3
Oregon,1
Pennsylvania,1
Rhode Island,3
South Carolina,4
South Dakota,2
Tennessee,2
Texas,2
Utah,5
Vermont,5
Virginia,1
Washington,1
West Virginia,1
Wisconsin,3
Wyoming,2
Sandals,101
Alabama,1
Arizona,3
Arkansas,1
California,4
Colorado,1
Connecticut,2
Delaware,4
Florida,1
Georgia,1
Hawaii,1
Idaho,2
Illinois,1
Indiana,2
Iowa,3
Kansas,3
Maine,2
Maryland,4
Massachusetts,3
Michigan,6
Minnesota,3
Mississippi,1
Missouri,1
Montana,3
Nebraska,5
Nevada,1
New Jersey,2
New Mexico,4
New York,3
North Carolina,3
North Dakota,2
Ohio,2
Oklahoma,1
Oregon,3
Rhode Island,3
South Carolina,1
South Dakota,3
Tennessee,2
Texas,2
Utah,1
Vermont,1
Virginia,1
Washington,2
West Virginia,3
Wisconsin,2
Wyoming,1
Scarf,112
Alabama,2
Alaska,2
Arizona,1
Arkansas,1
California,4
Colorado,2
Connecticut,4
Delaware,2
Florida,1
Georgia,3
Idaho,1
Illinois,3
Indiana,3
Iowa,1
Kentucky,3
Louisiana,1
Maine,3
Maryland,3
Michigan,1
Mississippi,3
Missouri,4
Montana,2
Nebraska,2
New Hampshire,3
New Jersey,4
New Mexico,4
New York,3
North Carolina,2
North Dakota,4
Ohio,5
Oklahoma,2
Oregon,3
Pennsylvania,4
Rhode Island,1
South Carolina,4
South Dakota,1
Tennessee,3
Texas,2
Utah,3
Vermont,1
Virginia,3
Washington,2
West Virginia,3
Wisconsin,2
Wyoming,1
Shirt,110
Alabama,4
Alaska,3
Arizona,1
Arkansas,3
California,3
Connecticut,3
Delaware,3
Florida,2
Georgia,1
Hawaii,3
Idaho,3
Illinois,5
Indiana,3
Iowa,1
Kansas,1
Kentucky,3
Louisiana,5
Maine,2
Massachusetts,2
Michigan,4
Minnesota,4
Mississippi,4
Missouri,3
Montana,2
Nebraska,1
Nevada,2
New Hampshire,2
New Jersey,1
New Mexico,2
New York,4
North Carolina,2
Oklahoma,2
Oregon,3
Pennsylvania,2
Rhode Island,1
South Carolina,4
Texas,2
Utah,1
Vermont,1
Virginia,2
Washington,3
West Virginia,2
Wisconsin,1
Wyoming,4
Shoes,102
Alabama,2
Alaska,2
Arkansas,2
Colorado,3
Connecticut,4
Delaware,3
Georgia,3
Hawaii,3
Idaho,2
Illinois,2
Iowa,2
Kentucky,1
Louisiana,3
Maine,5
Maryland,2
Massachusetts,2
Michigan,1
Minnesota,1
Missouri,2
Montana,1
Nebraska,3
Nevada,3
New Hampshire,1
New Jersey,2
New Mexico,4
New York,4
North Carolina,1
North Dakota,3
Ohio,3
Oklahoma,3
Oregon,1
Pennsylvania,1
Rhode Island,1
South Carolina,4
Tennessee,2
Texas,4
Utah,3
Vermont,4
Virginia,5
West Virginia,1
Wisconsin,2
Wyoming,1
Shorts,109
Alabama,3
Alaska,2
Arizona,2
Arkansas,2
California,4
Colorado,1
Connecticut,2
Delaware,1
Florida,2
Hawaii,1
Idaho,2
Illinois,4
Indiana,2
Iowa,4
Kansas,2
Kentucky,1
Louisiana,2
Maine,3
Massachusetts,2
Michigan,2
Minnesota,3
Mississippi,3
Missouri,5
Montana,2
Nebraska,2
Nevada,4
New Jersey,3
New Mexico,1
New York,3
North Carolina,3
North Dakota,1
Ohio,1
Oklahoma,5
Oregon,1
Pennsylvania,2
Rhode Island,3
South Carolina,1
South Dakota,2
Tennessee,2
Utah,5
Vermont,3
Virginia,3
Washington,1
West Virginia,3
Wisconsin,2
Wyoming,1
Skirt,109
Alabama,6
Arizona,2
Arkansas,2
Colorado,4
Connecticut,3
Delaware,2
Florida,1
Georgia,2
Hawaii,3
Idaho,3
Illinois,2
Indiana,6
Iowa,1
Kentucky,2
Louisiana,1
Maine,2
Maryland,5
Massachusetts,2
Minnesota,8
Mississippi,2
Missouri,4
Montana,2
Nebraska,1
Nevada,3
New Hampshire,1
New Jersey,1
New Mexico,2
New York,1
North Carolina,2
Ohio,4
Oklahoma,2
Oregon,1
Pennsylvania,2
Rhode Island,3
South Carolina,1
South Dakota,3
Tennessee,3
Vermont,2
Virginia,4
Washington,1
West Virginia,2
Wisconsin,3
Wyoming,2
Sneakers,103
Alabama,2
Alaska,2
Arizona,2
Arkansas,1
California,2
Colorado,5
Delaware,2
Florida,3
Georgia,4
Hawaii,3
Idaho,4
Illinois,3
Iowa,3
Kansas,1
Louisiana,2
Maine,3
Maryland,2
Massachusetts,1
Michigan,1
Minnesota,5
Mississippi,1
Missouri,3
Montana,2
Nevada,3
New Hampshire,1
New Jersey,1
New Mexico,3
North Carolina,1
North Dakota,1
Ohio,3
Oklahoma,1
Oregon,3
Pennsylvania,3
Rhode Island,1
South Dakota,2
Tennessee,2
Texas,2
Utah,3
Vermont,5
Virginia,2
Washington,2
West Virginia,1
Wisconsin,2
Wyoming,4
Socks,101
Alabama,1
Alaska,3
Arizona,2
Arkansas,2
California,1
Delaware,4
Florida,1
Georgia,4
Idaho,2
Illinois,2
Indiana,5
Iowa,1
Kansas,1
Kentucky,1
Louisiana,3
Maine,3
Maryland,3
Massachusetts,4
Minnesota,2
Missouri,1
Montana,2
Nebraska,2
Nevada,4
New Hampshire,2
New Jersey,2
New Mexico,1
New York,2
North Carolina,2
North Dakota,3
Ohio,2
Oklahoma,4
Oregon,2
Pennsylvania,2
South Carolina,3
South Dakota,4
Tennessee,3
Texas,1
Utah,2
Vermont,4
Virginia,2
Washington,4
Wisconsin,1
Wyoming,1
Sunglasses,105
Alabama,2
Alaska,3
Arizona,3
Arkansas,2
California,3
Colorado,1
Delaware,1
Florida,1
Georgia,1
Hawaii,2
Idaho,2
Indiana,2
Kansas,3
Louisiana,1
Maine,2
Maryland,4
Massachusetts,3
Michigan,5
Minnesota,3
Mississippi,3
Missouri,4
Montana,1
Nebraska,1
Nevada,2
New Hampshire,2
New Jersey,4
New Mexico,5
New York,1
North Carolina,3
North Dakota,5
Oklahoma,3
Oregon,2
South Carolina,1
South Dakota,3
Tennessee,1
Texas,1
Utah,2
Vermont,3
Virginia,3
Washington,1
West Virginia,7
Wisconsin,1
Wyoming,2
Sweater,114
Alabama,1
Alaska,3
Arizona,3
Arkansas,3
California,2
Colorado,2
Delaware,1
Florida,3
Georgia,2
Hawaii,2
Idaho,3
Illinois,4
Indiana,3
Iowa,5
Kentucky,5
Louisiana,5
Maine,4
Maryland,2
Massachusetts,1
Michigan,2
Minnesota,1
Mississippi,2
Missouri,3
Montana,6
Nevada,1
New Hampshire,1
New Jersey,3
New Mexico,3
New York,2
North Carolina,4
North Dakota,4
Ohio,2
Oregon,2
Pennsylvania,3
Rhode Island,2
South Carolina,2
Tennessee,2
Texas,4
Utah,1
Vermont,5
Virginia,1
Washington,1
West Virginia,1
Wisconsin,1
Wyoming,1
T-shirt,101
Alabama,2
Alaska,4
Arizona,2
Arkansas,1
California,1
Colorado,2
Connecticut,2
Delaware,3
Florida,2
Hawaii,2
Idaho,3
Illinois,2
Indiana,3
Iowa,2
Kansas,3
Louisiana,4
Maine,1
Maryland,3
Massachusetts,3
Michigan,1
Minnesota,2
Missouri,3
Montana,3
Nebraska,1
Nevada,2
New Hampshire,1
New Mexico,2
New York,4
North Carolina,4
North Dakota,2
Ohio,2
Oklahoma,3
Oregon,3
Pennsylvania,1
Rhode Island,1
South Carolina,1
Tennessee,2
Texas,3
Vermont,3
Virginia,1
Washington,1
West Virginia,3
Wisconsin,6
Wyoming,1
Grand Total,3900
